{
    "directory": [
      {
          "name" : "application/views/payment"
      }
    ],
    "sql_file": "",
    "files": [
      {
          "root_directory"    : "update/update_3.2/assets/backend/main.css",
          "update_directory"  : "assets/backend/css/main.css"
      },
      {
          "root_directory"    : "update/update_3.2/assets/frontend/main.css",
          "update_directory"  : "assets/frontend/default/css/main.css"
      },
      {
          "root_directory"    : "update/update_3.2/assets/payment/paypal.png",
          "update_directory"  : "assets/payment/paypal.png"
      },
      {
          "root_directory"    : "update/update_3.2/assets/payment/stripe.png",
          "update_directory"  : "assets/payment/stripe.png"
      },
      {
          "root_directory"    : "update/update_3.2/assets/payment/offline_payment.png",
          "update_directory"  : "assets/payment/offline_payment.png"
      },
      {
          "root_directory"    : "update/update_3.2/assets/payment/tick.png",
          "update_directory"  : "assets/payment/tick.png"
      },
      {
          "root_directory"    : "update/update_3.2/controllers/Admin.php",
          "update_directory"  : "application/controllers/Admin.php"
      },
      {
          "root_directory"    : "update/update_3.2/controllers/Home.php",
          "update_directory"  : "application/controllers/Home.php"
      },
      {
          "root_directory"    : "update/update_3.2/controllers/User.php",
          "update_directory"  : "application/controllers/User.php"
      },
      {
          "root_directory"    : "update/update_3.2/helpers/addon_helper.php",
          "update_directory"  : "application/helpers/addon_helper.php"
      },
      {
          "root_directory"    : "update/update_3.2/models/Crud_model.php",
          "update_directory"  : "application/models/Crud_model.php"
      },
      {
          "root_directory"    : "update/update_3.2/models/Email_model.php",
          "update_directory"  : "application/models/Email_model.php"
      },
      {
          "root_directory"    : "update/update_3.2/models/Payment_model.php",
          "update_directory"  : "application/models/Payment_model.php"
      },
      {
          "root_directory"    : "update/update_3.2/models/User_model.php",
          "update_directory"  : "application/models/User_model.php"
      },
      {
          "root_directory"    : "update/update_3.2/models/Addon_model.php",
          "update_directory"  : "application/models/Addon_model.php"
      },
      {
          "root_directory"    : "update/update_3.2/views/backend/admin/navigation.php",
          "update_directory"  : "application/views/backend/admin/navigation.php"
      },
      {
          "root_directory"    : "update/update_3.2/views/backend/admin/available_addon.php",
          "update_directory"  : "application/views/backend/admin/available_addon.php"
      },
      {
          "root_directory"    : "update/update_3.2/views/backend/admin/users.php",
          "update_directory"  : "application/views/backend/admin/users.php"
      },
      {
          "root_directory"    : "update/update_3.2/views/backend/user/curriculum.php",
          "update_directory"  : "application/views/backend/user/curriculum.php"
      },
      {
          "root_directory"    : "update/update_3.2/views/frontend/default/purchase_history.php",
          "update_directory"  : "application/views/frontend/default/purchase_history.php"
      },
      {
          "root_directory"    : "update/update_3.2/views/frontend/default/shopping_cart_inner_view.php",
          "update_directory"  : "application/views/frontend/default/shopping_cart_inner_view.php"
      },
      {
          "root_directory"    : "update/update_3.2/views/frontend/default/shopping_cart.php",
          "update_directory"  : "application/views/frontend/default/shopping_cart.php"
      },
      {
          "root_directory"    : "update/update_3.2/views/payment/eu-cookie.php",
          "update_directory"  : "application/views/payment/eu-cookie.php"
      },
      {
          "root_directory"    : "update/update_3.2/views/payment/includes_bottom.php",
          "update_directory"  : "application/views/payment/includes_bottom.php"
      },
      {
          "root_directory"    : "update/update_3.2/views/payment/includes_top.php",
          "update_directory"  : "application/views/payment/includes_top.php"
      },
      {
          "root_directory"    : "update/update_3.2/views/payment/index.php",
          "update_directory"  : "application/views/payment/index.php"
      },
      {
          "root_directory"    : "update/update_3.2/views/payment/payment_gateway.php",
          "update_directory"  : "application/views/payment/payment_gateway.php"
      }
    ]
  }
  